,question,contents
0,"벽지의 종류에는 어떤 것들이 있나요?
합지벽지와 실크벽지의 차이는 무엇인가요?
최근 신축세대에서는 어떤 종류의 벽지를 많이 사용하나요?","벽지(정배지) 종류 중 합지벽지(종이벽지)란 180g/m2 이상이며 2장의 종이를 접착하여 코팅 처리한 정배지입니다. 초배지 없이 바탕면에 정배지 전체면을 붙여 시공하는 벽지를 의미합니다. 실크벽지란 250g/m2 이상이며, 위에 비닐을 접착한 정배지입니다. 실크벽지는 테두리면만 접착하고 나머지는 떠있는 초배지 위에 정배지 전체면을 붙여 시공합니다. 
합지 도배는 도배지를 겹쳐서 시공하며 손으로 만져보면 벽지 전체가 붙어있고, 실크 도배는 도배지를 겹치지 않고 이어서 시공하며 손으로 만져보면 벽지 가운데 구간은 떠있는 것으로 구분할 수 있습니다. 신축세대는 대부분 실크벽지를 사용합니다."
1,"실크벽지를 선택하는 이유는 무엇인가요?
실크벽지의 장점은 무엇인가요?","실크벽지는 바탕면과 도배지 사이 공간을 두어 바탕면 요철 등에 의한 평활도 확보하여 미관이 향상되고, 바탕면과 도배지 사이에 공기층이 존재하여 일부 단열효과 기능이 있습니다. 계절에 따라 수축, 팽창하므로 습도조절 기능이 있고 추후 제거가 용이합니다.
"
2,"실크벽지 도배 방법은 어떻게 되나요?
벽면 소재에 따라 실크 벽지를 도배하는 방법이 달라지나요?","실크 벽지 도배 방법은 벽면 소재에 따라 달라집니다.
1. 콘크리트면 : 이음부위 골조 면갈이, 사춤 →  (샌딩) →  초배지(봉투바름 - 테두리 접착)  →  정배(초배지 위, 전체 접착)
2. 조적면 : 미장  →  (샌딩)  →  초배지(봉투바름 - 테두리 접착)  →  정배(초배지 위, 전체 접착)
3. 석고보드면 : 석고보드 조인트 위치  샌딩  → 네바리   →  정배( 봉투바름 -  테두리 접착)
4. 혼합면 : 이음부위 석고 퍼티 시공  → 네바리   →  정배  ☞ 네바리 : 보수초배지, 단열초배지
현재 상황에 맞는 방법으로 작업하는 것을 추천합니다.
"
3,도배 작업을 마친 후에 책임담보 기간은 어느 정도인가요?,"도배 하자 책임담보기간은마감공사(미장공사, 수장공사, 도장공사, 도배공사, 타일공사, 석공사, 옥내가구공사, 주방기구공사, 가전제품) 2년입니다."
4,도배 하자 원인은 어떤 것이 있을까요?,"도배 하자의 원인은 시공 미숙, 자재 불량, 건축물의 구조, 타 공종 시공의 결함 및 훼손, 건축물의 노후, 벽지 선택의 불만, 현장측(발주자)의 무리한 작업 계획 및 지시, 기타 실내 환경, 관리부족 등이 있습니다."
5,도배 하자 종류는 어떤 것이 있을까요?,"도배 하자의 종류는 곰팡이, 찢김, 들뜸, 풀자국, 얼룩, 녹물, 이색(異色), 전사(轉寫), 단차(段差), 공간초배 터짐, 공간초배 들뜸, 보수초배 비틀림 및 들뜸, 견출 미흡, 장판지 시멘트 얼룩, 장판지 발자국, 장판지 유성분(건성유), 장판 굽지 들뜸, 장판지 배접, 장판지 겹침 불량, 장판지 철분, 문상/창하/커텐박스 부위 불량, 코너부위 들뜸, 콘센트 부위 불량(찢김), 전기배선 구멍, 문틀 쐐기(구사비), 레이턴스, 띠벽지 들뜸, 이면지 탈락(배접), 도련 미숙, 문틀 부위 들뜸, 석고보드 부분 교체, 타커(tacker) 돌출, 벽지간 이음매 불량, 시멘트 페이스트, 다른 벽지 시공, 페인트 오염, 이물질(풀덩어리, 모래, 톱밥 등), 합지 겹침(일정치 않음), 무늬 맞춤 불량, 수직 수평 불량, 직물 벽지 올 풀림, 코킹 노출, 분할 계획 불량, 단열재 부위 들뜸, 동결, 누수, 보양 불량, 하자 보수 후 하자 재발생 등이 존재합니다."
6,보수초배 비틀림이나 들뜸 하자 원인은 무엇인가요?,"도배 하자 중 보수초배(메바리) 비틀림, 들뜸 하자 원인의 원인은 아래와 같은 이유가 있습니다.첫 번째로, 도배사의 보수초배 시공 불량이 있습니다.두 번째로, 상부 석고 보드의 하중을 충분히 지지하지 못하게 달대, 달대 받이, 반자틀을 부실 시공한 내장 목수가 있습니다.세 번째로, 반자틀 구조재인 석고보드, 합판, 각재, 몰딩의 건조로 인한 신축 및 변형이 있으며, 마지막으로 지역에 따라 매우 다습한 현장, 장마철 시공, 기타 건축 환경적인 문제가 존재합니다."
7,도배 하자 중 곰팡이의 원인은 무엇인가요?,"도배 하자 중 곰팡이 하자 원인은 초배, 정배 시 도배풀을 필요 이상으로 많이 도포하여 시공하였을 때, 장마철 시공으로 도배풀이 미처 마르지 못했을 때, 건축물의 구조, 방위, 결로 등이 원인일 때, 벽체, 바닥의 모르타르가 건조되기 전에 도배 시공 했을 때, 누수 (설비 하자)가 있을 때, 겨울철에 도배시공하고 입주 때까지 사용치 않고 오래 비워두는 신축 아파트 세대일 경우, 거주자의 실내 환경적인 문제 등이 존재합니다."
8,몰딩 틈새는 어떻게 해결할 수 있을까요?,"도배 하자 몰딩 틈새 처리 테크닉몰딩이 벽면, 천정과 밀착되지 않은 부위에 3～5㎜의 칼받이를 대고 도련하여도 몰딩 틈새가 노출 될 때, 약간의 틈새는 동색의 코킹, 인테리어 코크로 메워줍니다. 코킹이나 인테리어 코크를 정교하게 시공하기 어려운 경우에는 테이핑 작업 후 충진하고 즉시 테이프를 제거합니다. 틈새 부위가 많을 경우 벽지를 3mm 넓이로 일정하게 자른 후 코킹 충진 후 틈새를 커버하고, 대형 현장의 경우 테이프 재단기계를 사용해야 합니다. 문틀 틈새나 문틀 쐐기 하자 부위도 이와 같은 방법으로 상태에 따라 응용하여 보수합니다."
9,벽지 간 이음매 불량은 어떻게 처리할 수 있을까요?,"실크벽지 시공 후 건조되는 과정에서 인장력이 작용하여 이음매가 벌어졌거나 시공 시 겹침이 건조 후까지 남아 있을 때 이음매 불량이 발생할 수 있습니다. 이음매가 벌어진 경우, 벌어진 상태가 약 2mm이상으로 넓을 때는 벌어진 모양대로 가장자리 테이핑 한 후 동색의 코킹, 인테리어 코크로 메꿔주고 테이프를 제거합니다. 이음매 벌어진 상태가 아주 경미한 경우에는 백색 벽지는 문서용 화이트나 자동채 흠집 보수용 붓펫으로 처리하고, 색상 있는 벽지는 수성싸인펜으로 그어 해결합니다. 이음매가 겹친 상태라면 겹친 부위만큼 스틸자를 대고 정밀하게 도련, 제거해서 맞물림 되게 할 수 있습니다.
"
10,단열재 들뜸을 예방하려면 어떻게 해야 하나요?,"외벽쪽 단열 모르타르나 아이소 핑크 부분이 들뜨는 하자가 자주 발생할 수 있는데, 단열 모르타르의 경우 시공시에 아크졸과 바인더를 혼합하여 2회 도포해서 예방할 수 있습니다. 아이소핑크는 외부 끝 부분에서 약 5cm 정도 떨어진 지점에서 도배용 커터칼로 아이소핑크를 V형으로 틈을 내 제거하고, 제거한 틈에 도배용 수성 코킹이나 퍼티로 평활하게 충진하여 벽지 인장력에 대응하도록 사전 예방할 수 있습니다. 벽지 건조 후 이미 발생한 들뜸 하자에 대해서는 바늘 구경이 큰 주사기나 붓으로 도배용 본드를 도포하고 주걱으로 평활하게 마무리할 수 있습니다. "
11,도배 하자 중 이물질을 처리하는 법을 알려주세요.,"풀덩어리, 모래, 톱밥 등 이물질을 처리하기 위해서는 먼저 보수 부위의 도배용 커터칼을 눕혀서 PVC층만 L, U자 형으로 베어냅니다. 다음으로 이면지를 조심스럽게 벗겨내고 이물질을 제거하고, 베어낸 PVC 층의 벽지를 도배용 본드로 정교하게 붙이면 됩니다."
12,어떤 하자가 발생했을 때 재시공 하는 게 좋을까요?,"도배 하자 중 재시공 권유하는 경우는 장판지 철분, 다른 벽지 시공(오작), 무늬 맞춤 불량, 수직이나 수평 불량, 누수, 하자 보수 후 하자재발생 이상의 하자가 있습니다."
13,도배 공사 계획은 어떤 순서로 세워야 하나요?,"도배를 시작할 때 우선 공사 범위를 정하고, 벽지 종류를 선택해야 합니다. 합지벽지는 가격이 저렴하고 외부 충격과 오염에 약해 2~3년 거주할 계획일 때 추천합니다. 실크벽지는 벽지 표면에 PVC 코팅을 입혀 합지벽지보다 더 두껍고 오염에 강해 5년 이상 거주할 계획일 때 추천합니다. 다음으로는 벽지 컬러를 선택하고, 사전 시공이 있다면 미리 고지해야 합니다. 사전 시공의 예시로를 앞선 공사의 결과가 이어지는 문/문틀, 천장몰딩, 샤시 교체 공사 등이 있습니다. 또한 조명, 스위치, 콘센트 교체 여부도 결정해야 합니다."
14,벽지 종류 별로 도배 시공 기간은 어떻게 되나요?,"합지벽지는 당일 시공이 원칙이고, 실크벽지는 중형 평수(20~30평)은 1일, 대형 평수(40평 이상)은 2일 이상을 소요합니다."
15,도배 시공할 때 필요한 인원은 어느 정도인가요?,"도배 시공 인원은 먼저 도배평수(인원바닥면적(평)*2.5)를 계산해 그에 맞는 인원을 파악합니다. 합지벽지 시공은 도배사 한 명이 1일 기준 30평 내외이며, 실크벽지는 도배사 한 명이 1일 기준 15평 내외로 작업할 수 있습니다."
16,합지벽지와 실크벽지는 어떤 차이가 있나요?,"실크 벽지는 합지벽지에 비해 표면이 PVC 코팅되어 유지관리에 용이하고 내구성이 좋습니다. 또한 심미성, 탄력성, 보온성, 흡음성이 양호해 기능성이 뛰어납니다. 하지만 시공과정이 복잡하고 가격이 비쌉니다. 실크벽지는 이음매 맞춤 시공 방식을 사용하고, 부직포로 초배지 작업을 하기 때문에 바탕면이 좋지 못해도 깔끔한 마감을 지을 수 있습니다. 합지벽지는 PVC 코팅이 없어 오염되기 쉽지만 친환경적이고 통풍이 상대적으로 양호합니다. 가격이 저렴하고 시공이 간편하다는 장점이 있습니다. 합지벽지는 이음매 겹침 시공 방식을 사용해 5mm 가량의 겹침 부분이 보입니다."
17,집 평수에 맞는 도배 방법을 알려주세요,"소형 평수(10평대)일 경우 공간이 답답해 보이지 않도록 밝은 컬러의 벽지를 선택하는 것이 좋습니다. 무늬가 큰 패턴이나 짙은 색상의 벽지는 공간을 더 좁아 보이게 하므로, 작은 텍스쳐가 틀어간 밝은 색상 계열의 벽지를 추천합니다. 중평 평수(20~30평대)는 엠보싱이 뚜렷하고 프린트가 잘 표현된 밝은 색상의 벽지와 함께 상대적으로 짙은 포인트 벽지를 활용하시길 추천합니다. 포인트벽지는 비교적 공간이 넓은 거실의 TV 뒷면이나 안방의 침대 헤드부분에 도배하는 것이 일반적입니다. 대형 평수(40평대 이상)에서는 각 공간의 경계가 분명해지고 독립성을 지니게 됩니다. 여러 공간을 같은 벽지로 할 경우 다소 지루해 보일 수 있습니다. 각 공간에 맞는 적절한 컬러 배색과 함께 비교적 무늬가 큰 패턴의 벽지를 포인트로 사용하여 공간에 재미를 줄 수 있습니다."
18,도배 자재는 어떤 것이 있을까요?,"도배 자재는 초배지와 정배지로 나뉘는데, 초배지의 경우 부자재에 속해서 생소해 보일 수 있습니다. 초배지는 도배를 하기 전에 바탕에 시공되는 도배지로 보통 일반 초배지, 부지포, 운용지 등이 있고, 석고보드 조인트 면에 사용하는 네바리(보수초배지)가 있습니다. 정배지는 우리가 알고 있는 합지벽지, 실크벽지, 발포벽지, 친환경소재벽지를 말하며 마감이 되는 벽지를 의미합니다."
19,발포 벽지와 친환경소재 벽지는 무엇인가요?,"발포벽지는 실크벽지와 비슷하지만 코팅이 발포처리된 벽지입니다. 오염에 약해 최근에는 잘 사용하지 않습니다. 친환경소재 벽지는 PVC 코팅이 아닌 옥수수, 규조토의 친환경 원료를 코팅으로 사용하는 벽지를 말합니다."
20,도배 시공 순서는 어떻게 되나요?,"도배 시공 순서는 기존 벽지가 많이 있다면, 기존 벽지를 철거하고 바탕면을 정리, 초배지 시공, 정배지 시공, 양생 순으로 진행됩니다. 가끔 천정시공 후 벽을 할지 고민하는데 현장 상황에 맞추어 하면 되지만 천정부터 하는 것을 추천합니다. 이유는 천정 작업을 하면서 벽체에 풀이 과다하게 붙는 경우가 있어서 추후 도배 풀 닦을 때 힘들 수 있기 때문입니다."
21,도배 시공할 때 주의해야 할 점이 있나요?,"도배 시공 포인트는 다음과 같습니다.
1. 바탕면 정리
2. 도배지 컷팅부위 관리
3. 시공 완료 후 도배풀 등 청소 및 양생 관리 
4. 양생 시 공기 순환"
22,"결로는 무엇이고, 결로의 원인에는 어떤 것이 있을까요?","결로는 공기 중의 수증기가 벽이나 천장, 바닥에 닿아 응축되어 물방울이 맺히는 현상으로 대표적으로 곰팡이가 있습니다. 결로 현상은 실내 외 온도 차이가 15도 이상 나거나 습도가 상당히 높고 충분한 환기와 통풍이 되지 않을 때 발생할 수 있습니다. 또한 적절하지 못한 건축 계획으로 일조량과 통풍의 문제로 결로가 발생할 수있고, 내부 투습성이 높은 재료로 단열하거나 이음매가 불량한 경우 내부에서 결로가 발생할 수 있습니다. 단열재를 내부에 밀실하게 채우지 않았거나 틈새가 벌어진 경우에도, 냉교 및 열교 현상으로 내부 결로나 부분결로가 발생할 수 있습니다."
23,결로를 예방하는 방법을 알려주세요.,"결로 예방을 위해 환기, 단열공사, 온도 및 습도 조절 등을 추천할 수 있습니다. "
24,발생 원인 별로 결로의 종류를 알려주세요.,"발생 원인 별 결로 종류로는 표면 결로와 내부 결로가 있습니다. 표면 결로는 실내 공기 중 수증기가 벽 등 저온 부분 표면에 접촉하여 발생하고, 내부 결로는 벽체 등 구조물 내부에 수증기의 온도 저하로 발생합니다."
25,결로는 어떻게 해결할 수 있나요?,"결로는 단열 보강, 난방관리, 생활습관 등으로 해결할 수 있습니다. 단열 보강은 실내공기가 노점온도 이하가 되지 않도록 건축물 표면에 단열공사를 하거나, 표면결로 방지와 동시에 방습층을 단열층의 온도가 높은 쪽에 설치하는 방법이 있습니다. 또한 단열재, 이중창호, 건물 기밀화 등에 의해 실내를 보온하거나 외단열 공법을 사용할 수 있습니다. 난방 관리의 경우 실내 온도를 적정하게 유지하고 낮은 온도로 난방을 길게 하고 높은 온도로 난방을 짧게 하는 방법이 있습니다. 마지막으로 생활 습관은 주간에 전체 창문을 개방하고 환기를 실시하거나, 제습기를 틀어놓는 방법 등이 있습니다. "
26,"냉교 현상은 무엇인가요?
열교 현상은 무엇인가요?","냉교 현상은 벽, 바닥, 슬래브 및 지붕 등의 구조체에 단열재 시공이 연속되지 못하고 끊기는 열적 취약부위가 있는 경우에 실내의 냉기가 직접 구조체를 통해 차가운 실외에서 따뜻한 실내로 이동하는 현상입니다. 열교 현상은 벽, 바닥, 슬래브 및 지붕 등의 구조체에 단열재 시공이 연속되지 못하고 끊기는 열적 취약부위가 있는 경우에 실내의 열기가 직접 구조체를 통해 따듯한 실내에서 차가운 실외로 이동하는 현상입니다."
27,베란다에 결로가 발생하는 원인과 해결책을 알려주세요.,"베란다는 외기와 직접적으로 접하는 벽면으로 외부의 찬공기가 실내의 온도와 습도의 변화에 의해서 결로와 곰팡이가 발생합니다. 또한, 베란다는 물을 자주 사용하고 세탁물을 건조하거나 화초를 키우는 등 대체적으로 상대습도가 높아서 결로와 곰팡이에 더 취약합니다. 이러한 결로와 곰팡이를 예방하려면 평상시 생활습관에서 베란다의 전, 후면 창문을 개방하여 매일 규칙적으로 환기를 시켜주어야 합니다. 그리고, 근본적인 해결방법은 인슐래드 결로방지 단열도료를 칠하거나 결로방지 단열 미장마감재(인슈바이오쉴드) 및 결로방지 단열 뿜칠 마감재(인슈모노코트)로 시공하는 방법이 있으며, 진공 압축 복합단열공법으로 시공을 하면 더 완벽하게 해결될 수 있습니다."
28,베란다 확장부위에 결로가 발생하는 원인은 무엇인가요?,"베란다 확장부위 결로 곰팡이원인은 베란다 확장공사를 하면서 단열공사규정(단열재두께, 종류 등)을 제대로 지키지 않았거나 콘크리트 벽면과 단열재 사이, 단열재와 단열재 연결부위 등 틈이 없이 기밀하게 밀착시공을 하지 않는 등 부실 시공이 원인이 될 수 있습니다. 또한, 현장환경과 조건에 맞는 단열재 선택과 공사방법의 선택도 매우 중요한 공사전의 고려사항이라고 할 수 있습니다."
29,"실내 벽면에서 결로가 발생했을 때 어떻게 해야 하나요?
천정에 곰팡이가 생기면 어떻게 해야 하나요?","실내벽면 · 천정의 경우 결로현상이 아니고 단순한 습기로 인한 벽면의 곰팡이는 평상시에 창문을 매일 열어서 환기를 시켜주면 많이 완화될 수 있습니다. 결로현상은 있지만 물방울이 맺히지 않고 약간 축축한 정도라면 벽지를 제거하고 곰팡이 살균제거작업을 한 후에 벽면이나 천정의 상태에 따라서 균열이나 박리된 부분 등을 보수하고 건조시킨 후에 인슐래드 결로방지 단열도료로 2~3회 칠 해주고 건조 후에 벽지로 마감하면 해결이 가능합니다. 그러나, 결로현상이나 곰팡이가 심하여 벽이나 창호, 천정쪽에 문제가 있을 경우에는 벽지를 제거하고 벽면이나 창호, 천정 및 외벽마감상태 등을 종합적으로 점검하여 진단한 다음에 단열공사를 어떻게 할 것인지 결정하는 것이 좋습니다. 최상층의 천정에서 물방울이 떨어지는 경우에는 결로인지 누수인지를 정확히 확인해야만 됩니다. 또한, 창호나 외벽에 문제가 있어서 누수가 있을 경우에는 원인에 따라 창호주위나 외벽의 코킹작업 및 외벽방수시공을 하는 것이 좋습니다."
30,"창문 주변에 결로나 곰팡이가 발생하는 원인은 무엇이고, 어떻게 해결하면 되나요?","주거용주택이나 일반건축물에서 결로가 가장 많이 발생하는 곳이 창호 쪽 입니다. 창호의 결로현상은 당연하다고 방치하는 경우가 많은데, 방치할 경우에는 커튼이나 가구 등이 물에 젖고 곰팡이가 발생하여 물이 흘러서 벽면을 하고 바닥까지 스며들어 피해가 많이 발생할 수 있습니다. 창호의 결로현상을 방지하기 위해서는 단열 샷시와 다층유리를 이용해 유리와 샷시의 표면온도를 높여 주어야 하고 이중창호나 덧문을 설치하는 것도 효과적인 방법이 될 수 있습니다. 또한, 유리에 단열필름이나 유리 단열 차열 코팅제를 시공하면 결로를 많이 완화시킬 수 있습니다. 특히, 결로가 발생하면 실내의 공기가 오염되므로 매일 규칙적으로 환기를 하여 오염된 공기를 제거해 주는 것이 좋습니다."
31,붙방이장 주변에 곰팡이가 생겼어요. 어떻게 해야 하나요?,"붙박이장이 설치돼 있는 곳에도 결로가 흔히 발생하는 곳 중의 하나입니다. 붙박이장을 설치할 때는 벽면의 규정에 맞는 단열공사를 제대로 하여 결로나 곰팡이 발생을 사전에 예방하는 것이 좋습니다. 또한, 붙박이장을 설치 할 때는 옆면과 후면을 5cm이상 띄워주고 통풍구를 설치하여 공기가 충분하게 통풍이 될 수 있도록 하는 것이 바람직합니다. 붙박이장 주위에 결로나 곰팡이가 발생했다면 공기가 잘 통하지 않는 밀폐된 공간이고 외기와 직접 만나는 벽면이기 때문에 매우 심해질 수 있으므로 확인점검 후 최대한 빠른 시일 내에 곰팡이의 살균제거와 인슐래드 결로방지 단열도료를 칠하고 단열공사를 하거나 곰팡이방지 향균 코팅작업을 추가로 하면 매우 좋습니다."
32,"방바닥에 결로가 생겼으면 어떻게 해야 하나요?
벽면하부에 곰팡이가 생겼는데 원인이 무엇인가요?","방바닥이나 벽면하부의 결로 곰팡이는 다양한 원인으로 생각해 볼 수 있습니다. 우선 1층이나 반지하와 같이 방바닥이 지면(흙)과 면해있는 바닥의 경우에는 비나 눈이오면 물이 지면 속으로 흡수되어 건축물의 바닥하부로 물이 일부 흘러 들어와 습기가 올라오는 경우가 있고, 벽면이나 벽면창호의 외벽에서 누수로 인하여 물이 내벽으로 유입되는 경우가 있을 수 있으며, 벽면의 단열미비나 시공하자 등으로 인하여 결로가 발생되어 벽을 타고 흘러서 방바닥으로 스며 드는 경우도 있을 수 있는 등등 여러 가지 원인이 있을 수 있습니다. 가장 중요한 사항은 결로 곰팡이의 발생원인이 무엇인지를 점검을 하여 원인이 확인이 되면 해결방법은 발생원인에 따라서 현장여건에 가장 적합한 방수공법과 단열공법을 동시에 선택하여 조치하면 완전하게 해결이 가능합니다."
33,필로티 구조의 방바닥이나 내부벽면의 결로는 어떻게 해결할 수 있나요?,"필로티 구조는 지상에 기둥이나 내력벽을 세워서 건물 전체나 일부를 짚면에서 띄워 지상 층을 개방한 구조로 지상층은 보행이나 주차, 차량 통행에 주로 사용되고 2층에는 거주 공간이나 사무실 등으로 사용합니다. 필로티 구조는 1층에 기둥만 이쏙 붕 떠있는 상태라서 1층 천정(2층 바닥)과 냉기(차가운 공기)가 직접 접촉하기 때문에 단열이 미비할 경우에 열손실이 많고 바닥에 결로 곰팡이가 발생되고 바닥을 타고 벽으로 올라갈 수 있습니다. 특히, 단열공사가 돼 있어도 2층 바닥과 벽면의 모서리 부위는 단열이 취약한 부위이므로, 방바닥 가장자리의 일정부분을 단열을 보강하고 벽면도 단열을 보강하는 등의 조치가 필요합니다. 또한, 바닥전체가 단열미비로 인한 문제가 있다면 1층 천정전체를 우레탄 폼 단열재나 단열미장 마감재로 시공을 하면 매우 좋습니다."
34,욕실에 생긴 곰팡이 처리 방법을 알려주세요,"욕실은 물을 많이 사용하는 공간으로 상대습도가 높아서 습기와 곰팡이가 많이 발생합니다. 욕실내부를 항상 건조하고 청결하게 하는 것이 중요하며, 목욕 후 욕조의 물은 바로 버리는 것이 좋으며 욕조를 사용했거나 샤워를 한 후에는 욕실창문을 열어주거나 환풍기를 가동하여 환기를 시켜 주어야 합니다. 만약에 타일 줄눈이나 실리콘 코킹 부위에 곰팡이가 발생하면 초기에 즉시 곰팡이를 살균제거하면 훨씬 효과적으로 관리가 가능합니다."
35,주방에 곰팡이가 생겼을 때 어떻게 처리하면 될까요?,"주방은 특히 음식조리 시에 수증기가 많이 발생하는 곳입니다.  조리 중이나 조리 후에는 주방후드(환풍기)를 가동하고 창문을 열어서 조리중의 수증기나 일산화탄소, 악취 등이 실내에 정체되지 않도록 하고 상대습도를 낮게 유지시켜 습한 공기가 실내에 정체 되지 않도록 관리를 하는 것이 좋습니다. 냉장고는 벽면에서 10cm이상, 주방가구는 설치 시 벽면과 5cm이상 띄워서 공기가 충분하게 통풍이 될 수 있도록 하는 것이 바람직합니다."
36,지하층에 곰팡이를 해결하려면 어떻게 해야 하나요?,"지하층은 여름장마철이나 비가 자주 내리면 상대습도가 높아지고 결로가 많이 발생하는 곳입니다.여름철에 지하층의 벽면은 저온이고 환기가 잘 안되어 습기가 정체되기 때문에 벽면에 결로가 발생하고 벽면이 지면과 면해 있어서 습기가 벽으로 일부 유입될 수 있습니다. 특히, 지하층을 창고로 사용할 경우에는 결로 곰팡이가 많이 발생할 수 있습니다. 결로 현상을 방지하려면 벽면을 이중 벽 쌓기로 마감하거나 벽면과 벽면 사이에 단열재를 설치하여 실내와 외부와의 온도 차이를 최대한 줄여주는 것이 좋은데, 지하층인 경우에는 여름철에 상대 습도가 높기 때문에 결로방지 단열 미장 마감재(인슈 바이오 쉴드)나 결로방지 단열 뿜칠 마감재(인슈 모노코트 등)를 채택하여 시공하면 매우 좋습니다. 그리고 급기, 배기 장치의 환기 설비를 하여 가동하면 습한 공기가 정체되지 않고 밖으로 배출되어 결로와 습기를 줄이는데 도움이 되고, 제습기를 가동하여 습도를 낮추어 주는 방법도 도움이 됩니다."
37,반지하층에 곰팡이를 해결하는 방법을 알려주세요.,"반지하층의 방 내부 결로 곰팡이반지하층의 경우에는 여름철에 벽이 반 정도는 지면속에 묻혀 있어서 지하층 벽면과 같이 겨롤에 취약하고 습기가 정체되어 벽면에 결로 곰팡이가 많이 발생합니다. 또한, 여름철에 제습기를 가동하여 상대습도를 낮추어 주는 방법도 도움이 됩니다. 지면에 면한 벽면으로 습기가 침투하지 못하도록 방수처리를 하고 단열시공을 하거나 결로방지 단열 미장 마감재를 시공하면 해결이 됩니다. 반대로 겨울철에는 지상에 벽면이 반쯤 노출되어 있는데, 찬 공기 접촉으로 인한 결로를 예방하기 위해서 단열 시공을 하거나 미장타입의 결로방지 단열 미장 마감재를 시공하면 해결됩니다."
38,곰팡이나 결로를 방지할 수 있는 시공 방법이 있을까요?,"결로 및 곰팡이 방지 시공은 다음과 같이 진행됩니다.
1. 서비스벽지제거 및 단열재 철거작업
2. 곰팡이 자국제거 및 살균작업
3. 곰팡이 냄새제거 및 실내 환기작업
4. 하도 프라이머 도포 및 특수방수작업
5. 바탕면 보수작업
6. 인슐래드 결로방지 단열도료 코팅작업
7. 곰팡이방지 항균 코팅작업"
39,하자 판정 기준은 어떻게 되나요?,"하자판정 기준은 아래와 같습니다. 
(1) 미관상 측면 : 매우 주관적인 문제로 각 나라 또는 지역마다 사람에 따라 차이가 날 수 있으므로, 계약 단계에서 시공자와 발주처(건축주)가 합의된 내용이 없다면 사용성과 내구성 측면에서 허용 균열폭으로 기준을 삼는 것이 일반적이라고 할 수 있다. 
(2) 사용성 측면 : 모든 구조물은 안정성이 우선적으로 확보되어야 하고, 그리고 사용성이 확보되어야만이 사용자들이 그 구조물을 이용할 수 있다. 즉 구조물이 무너지지 않는다 하더라도 과도한 처짐이나 진동 및 누수가 발생나면 사용할 수가 없다. 
(3) 내구성 측면 : 시멘트가 수화 반응을 일으켜 수산화칼슘염(Ca(OH))을 만드는데, 이 수산화칼슘은 대기 중에 있는 이산화탄소와 접하면 탄산칼슘(CaCO)의 결정체로 변하는 탄산화가 발생하고, 염소이온 등 부식물질이 침투하여 철근을 부식시킨다. 이에 따라 내구성 측면에서 각국은 허용 균열 폭을 설정하고 있다.설계도면과 다르게 시공을 실시하였다고 모두 하자라고 보기에는 한계점이 있으며, 도면과 다르게 시공하는 것을 오 시공이라 하며, 시공하지 않은 것을 미 시공이라 칭한다.
"
40,입주 후 하자 유형은 어떤 것이 있을까요?,"입주 후 하자유형고비용 군집은 두 가지 공종이 높은 비용으로 산정이 되었는데, 도배공사와 타일공사가 가장 큰 하자보수비용을 산정하는 공종으로 선정이 되었습니다. 도배공사시 하자가 발생하는 요인을 살펴보면, 찢김/긁힘, 들뜸, 면불량, 오염, 이음불량, 재단불량, 터짐, 꼬임 2.8%, 이색, 미시공, 변색, 파손 등이 있습니다. "
41,신축 공동주택에서 실내 마감공사는 어떤 것이 있을까요?,"신축 공동주택 실내마감공사는 천정, 벽, 바닥으로 구성되어 있으며, 구조재를 보호하여 사용연한을 늘려주고 외기에 의한 외풍을 막아주며 미적인 욕구를 충족하기 위한 인테리어성 기능을 하는 건축 공정이다 "
42,도배 공사는 무엇을 의미하나요?,"도배공사는 집의 벽과 천정 등 구조재를 보호하는 본원적 기능뿐만 아니라 외기에 의한 외풍을 차단하는 기능과 미적인 욕구의 충족을 위한 인테리어성 기능을 하는 건축공정입니다.  신축공동주택의 도배공사의 경우, 비닐 코팅을 표면에 처리한 실크벽지를 주로 사용하는데, 다양한 디자인과 색상으로 제작되어지며 최근 친환경인증을 받은 클로버 마크 인증 제품을 많이 사용합니다."
43,도배 공사 시공과정은 어떻게 되나요?,"도배공사 시공과정은 다음과 같습니다. 
1. 벽면정리 : 작업 전 바탕처리는 바탕 면을 충분히 건조시켜 샌드페이퍼 또는 주걱이나 그라인더 등을 이용하여 요철 등의 이물질을 깨끗이 청소한다. 녹 발생 예상 부위는 방청도료 2회 처리로 녹발생을 예방한다. 석고보드는 타카핀등 이물질을 제거한 후 충분히 건조시키고, 이미 곰팡이에 노출된 경우는 석고보드를 교체 시공한다. (etc. 몰딩작업)
2. 도배 전 외벽의 결로 방지제 시공부위는 추후 도배지가 들뜨지 않도록 바인더를 이용하여 표면강화와 퍼티시공 등을 실시하여 바탕 면 정리를 철저히 하여야 한다. 도배지 선정 후 반입량은 설계량에 하자보수 등을 감안하여 반입하여 추후 추가생산 등으로 이색이 생기는 일이 없도록 한다.  (etc. 코너비드 설치)
3. 초배는 밀실하게 겹쳐서 (100m이상) 시공한다. 석고보드판 위의 초배는 생략할 수 있으나 이음부위는 초배지를 2회 바름한다. 초배지는 봉투 바름을 금지하며 초배지가 완전 건조된 후 정배 시공한다. (etc. 아이텍스 ,부직포)
4. 정배공사는 풀은 유독성 물질이 배출되지 않는 맑은 풀을 사용하며 변질된 풀은 사용을 금한다. 도배지는 색상 및 무늬에 따라 맞댄 이음 또는 겹친 이음으로 한다. 
5. 마무리 작업에서 문틀 및 문선 주위는 도배 풀의 화학성분으로 인하여 도장면의 오염이 야기될 소지가 있으므로 도배작업 후 스펀지 등으로 깨끗이 청소한다. 부착물(조명기구, 콘센트, 기타부착물)주변은 현장담당자와 협의 후 원형 및 사각구멍을 정확하게 형태를 갖추어 뚫어야 한다."
44,곰팡이 원인은 무엇이고 어떻게 보수할 수 있나요?,"곰팡이가 발생할 수 있는 원인은 초배, 정배 시 도배풀을 필요이상으로 많이 도포하거나 장마철 시공하여 도배풀이 건조되지 않았을 때, 환경적인 요인 (방위, 결로), 벽체, 바닥의 모르타르가 건조되기 전 도배하였을 때, 겨울철 도배 시공후 장기간 거주하지 않은 신축 아파트의 경우 등이 있습니다. 곰팡이를 제거하는 방법은 먼저 마스크를 착용하고 곰팡이 발생 부위에 곰팡이 포자가 날리지 않고 기존 벽지 제거가 용이하도록 분무기를 사용하여 물기가 충분히 흡수되도록 여러 차례 나누어 분사해줍니다. 다음으로 칼, 스틸헤라, 스틸 브러시 등을 사용해서 곰팡이 부위보다 충분하게 제거한 후 자연건조나 선풍기 등으로 건조해주면 됩니다."
45,곰팡이 포자를 살균하는 법에 대해 알려주세요. ,"곰팡이 포자 살균법은 탄화법, 약물세척법, 도막법, 방습 초배지의 시공 등이 있습니다. 
1. 탄화법 : 토치를 사용하여 포자를 태우는 방법
2. 약물 세척법 : 염산(15%용액), 포르말린(20%용액) 기타 세정용 락스를 모르타르에 충분히 침투하도록 도포하고, 스틸 브러시로 긁으면서 세척
3. 도막법 : 곰팡이 발생이 경미하거나 부분적일 때 선택. 중화제 아크졸, 바인더, 프라이머 등을 곰팡이 부위에 수회 도포하여 도막을 형성시킴으로써 곰팡이의 외부 확산을 차단
4. 방습 초배지의 시공 : 곰팡이를 제거 후, 방부액을 희석시키거나 방부제가 첨가된 풀과 합성 본드를 사용하여 초배* 곰팡이 하자보수를 마친 후에도 자주 환기를 시켜줌으로써 사후 재발 방지의 관리가 필요"
46,도배지 찢김의 원인은 무엇이고 어떻게 보수하면 되는지 알려주세요,"도배지 찢김은 시공 미숙, 다른 공종과 중족되는 현장, 가구 설치시 부주의 등으로 발생할 수 있습니다. 찢긴 부분이 붙어 있는 경우에는, 찢긴 부분의 안팎으로 물을 바르고 5분 정도 숨죽인 후 PVC 층이 떨어지지 않도록 이면지를 제거하고 보수용 풀로 원상태대로 붙이면 됩니다. 찢긴 부분이 없어진 경우에는 동일한 벽지를 찢긴 부위에 대고 맞추고 연필로 겹쳐따서 라인을 표시합니다. 다음으로 보수용 풀을 도포하여 부위에 벽지를 붙이고 자를 대고 자와 칼이 흔들리지 않게 겹쳐땁니다. 공간 초배 위에서 찢긴 경우 겹쳐따기 부분보다 가로세로 2-3cm 넓게 부직포와 운용지를 덧댄 속지를 공간 초배 안으로 밀어넣어 보강합니다."
47,도배지 들뜸의 원인과 어떻게 해결하면 되는지 알려주세요.,"도배지 들뜸은 풀농도가 적합하지 않거나, 극한기 시공, 풀 도포 후 장시간 경과 후 시공, 바탕 상태 불량, 바탕 처리 불량, 초배지 접착 불량, 고열 난방, 과도한 통풍 등이 원인으로 발생할 수 있습니다. 가장자리가 들뜬 경우 들뜬 부위를 들쳐 분무기로 물기를 주고 10분 정도 숨죽인 후 보수용 풀을 바탕에 도포하여 주걱등으로 마무리 할 수 있습니다. 가장자리 외 부분에서 들뜬 경우 40cc 주사기로 들뜬 부위에 풀을 주입하고 주격과 롤러로 마무리합니다. 다음으로 칼을 눕혀서 부위의 가장자리를 1-2cm 베어낸 후 베어낸 부분이 찢기지 않게하며 풀을 주입하여 평활하게 마무리합니다."
48,도배지 풀자국 원인은 무엇이고 보수 방법은 무엇이 있나요?,"풀자국 원인은 과도한 풀 도포, 정배 후 깨끗이 닦지 않을 때, 풀칠된 벽지 접는 방식이 옳지 않을 때, 도배지가 민감한 경우 등이 있습니다. 풀자국 보수방법은 초벌닦기로 물기가 많은 걸레로, 마무리는 물기가 적은 걸레로 닦으면 됩니다. 심한 풀자국은 거친 타올로 부드럽게 닦아주고, 문틀, 반자돌림, 걸레받이 홈에 낀 마른 풀 덩어리는 브러시로 턴 후 젖은 타올로 닦아줍니다. 표면이 예민한 수입벽지류는 특별한 주의가 필요합니다."
49,벽지에 풀주름이 있는데 어떻게 해결해야 하나요?,"풀주름 원인은 과도한 풀 도포, 장시간 숨죽임, 예민한 정배지에 된풀 도포 사용했을 때, 극한기 동결 건조, 정배솔질이 너무 가벼울 때, 풀 불량 등이 있습니다. 풀주름은 재시공하거나 점액밀도가 우수한 가루풀을 사용하고 엠보가 큰 도배지를 선택하는 등의 방법으로 조치할 수 있습니다."
50,벽지에 얼룩이나 변색이 발생하는 원인은 무엇인가요?,"얼룩이나 변색의 원인은 장기간으로 보관한 풀벽지 사용, 이음매 닦으면서 과다하게 물 사용, 충분히 건조되지 않은 모르타르면, 누수나 결로, 초배생략, 저급 초배지 사용, 석고보드 황화 현상, 벽체의 벽화현상 등이 있습니다. 얼룩이나 변색은 작은 범위는 부분 보수하거나 폭갈이 하고 그 외는 재시공하는 것을 추천합니다."
51,녹물이 발생하는 원인은 무엇이고 어떻게 해결해야 하나요?,"녹물의 원인은 방청제 사용누락, 제품 불량, 방화문 프레임 부분의 칼자국 등이 있습니다. 백색계열의 도배지 녹물은 문서용 화이트, 치약, 코킹으로 찍어주고, 색상 벽지는 페인트와 물감을 조합 도배지에 직어두며 건조 후 색상을 확인하여 녹색 부위에 찍어주는 방법으로 보수할 수 있습니다."
52,벽지 이색이 있을 때 어떻게 해결해야 하나요?,"이색 원인은 도배지 불량이거나 생산 일자 및 로트 번호를 구분하지 않고 시공, 교차 시공 무시, 부분 하자보수(폭갈이) 등이 있습니다. 이색 보수 방법은 가장자리 이색일 경우 동일 로트 제품으로 폭갈이, 그 외는 재시공이 있습니다."
53,"주름, 가로 주름, 기포 보수방법을 알려주세요.","주름, 가로 주름, 기포원인은 숨죽임이 너무 길거나 짧을 때, 두꺼운 도배지의 접힌 주름, 아주 얇은 도배지 사용, 극한기 시공, 풀농도 및 도포 불량, 초배주름으로 인한 정배주름 등이 있습니다. 보수 방법은 시공 직후의 주름(기포)는 칼끝이나 바늘 끝으로 공기를 빼주고 압착마무리합니다. 작은 주름은 주사기로 물을 주입하여 압착, 큰주름은 보수용을 풀을 주사기로 주입해서 해결할 수 있습니다. 직물류, 천연소재 벽지는 도배지 표면에 분무기를 사용하여 물을 분사한다. 전면에 미세한 주름은 표면에 물을 분사후 건조를 확인하고, 광범위한 가로 주름은 재시공해야한다."
54,전사 보수방법에 대해 알려주세요.,"전사는 바탕면의 얼룩, 낙서, 도료, 오염이나 프라이머 도포의 불량, 저급 초배지 사용, 석고보드를 뒤집어 시공, 밝고 투명한 도배지일경우 발생할 수 있습니다. 
전사보수방법은 부분보수, 폭갈이, 재시공이 있습니다. 바탕면의 수성 필기구 낙서, 도료오염등의 전사는 아크졸, 바인더용액을 2회 도포후 보수할 수 있습니다."
55,단차가 생기는 이유는 무엇이고 해결하는 방법에 대해 알려주세요. ,"단차원인은 바탕면 불량, 석고보드 및 단열재 연결 부위 퍼티작업, 공간 초배 생략,  내장 마감재 불량, 초배시공 불량, 초배지로 인한 단차, 도배지의 이어붙임, 미장, 석고보드보수 후 퍼티작업 미흡및 생략 등이 있습니다. 
단차보수방법은 하자 부분의 도배지제거 후 퍼티, 샌딩 작업 후 폭갈이, 재시공입니다. 경미한 단차는 정배솔질을 건나 쓸기하여 시공면과 압착시키지않고 부분적으로 공간을 형성한다. 부직포나 초배지를 문틀, 반지돌림, 걸레받이 끝선까지 시공하지 않아 단차가 생길경우 퍼티대신 수성 코킹으로 면을 잡은 후 재시공합니다."
56,공간초배터짐의 원인은 무엇인가요?,"공간초배터짐의 원인은 가장자리 접착 불량, 단열재 및 퍼티 시공면의 프라이머 도포 불량, 스팬에 대응하는 가장자리 접착면이 좁을 때, 긴 스팬의 인정력에 대응할 수 있도록 가장자리 2중 접착을 하지 않았을 때, 과다한 습도와 누수, 고열 난방, 장시간 숨죽임 도배지 사용 등이 있습니다. 공간초배터짐보수방법은 하자 있는 단열재 가장자리 부직포 접착면을 넓게 하거나 단열재와 석고보드면의 단차를 건너 이중접착 시공하는 법이 있습니다. "
57,"문상, 창하, 커튼박스 등 박스 부위 불량 원인은 무엇이고 어떻게 보수하면 되나요?","문상, 창하, 커튼박스 등 박스부위 불량원인은 도배지 분할계획, 재단 불량, 틈새의 퍼티작업 불량 등이 있습니다. 이에 대한 보수방법으로 들뜸은 코킹, 보수풀을 사용하여 접착, 틈새는 코킹, 퍼티로 충진하고 도련하는 법 등이 있습니다."
58,요철 원인에 대해 알려주세요. 요철 보수방법은 어떻게 되나요?,"요철원인은 견출 작업 불량, 퍼티 및 그라인딩 미흡, 정배솔의 강약 각도 조절의 미숙, 바탕면에 예민한 도배지 시공, 초배지를 몰딩, 걸래받이, 프레임, 끝선까지 시공무시 등이 있습니다.
요철보수방법으로 작은 요철(톱밥, 모래)은 가볍게 망치로 쳐주고, 도배지 제거후 사포로 샌딩후 재시공, 요철이 심할 때는 퍼티 > 샌딩 > 프라이머 > 재시공, 요철이 있는 바탕면에는 공간초배를 하거나 엠보가 크고 두꺼운 도배지를 선택하는 것  등이 있습니다."
59,코너 부위 들뜸이 발생하는 이유는 무엇이고 어떻게 보수할 수 있나요?,"코너 중 아웃코너는 정배솔의 감아쓸기가 약했거나 생략했을 경우, 마감 불량, 코너비드 생략, 틈막이 초배 불량 혹은 생략, 두꺼운 도배지 및 묽은 풀 사용, 숨죽임 짧음 등으로 발생할 수 있습니다. 인코너는 접착 보강제품(수성 실리콘, 본드)를 미흡하게 사용해 발생할 수 있습니다. 코너 들뜸 보수 방법은 주사기로 접착제를 주입하고 주걱 롤러로 마무리 한 후 공간 초배 안으로 주사기로 물을 주입하고 건조합니다. 재시공할 경우 코너비드를 시공 후 공간 초배(밀착초배) 후 마무리합니다. 인코너는 도배지 겹침 부위에 물을 적신 후에 겹침부위를 벌려 접착제를 도포하고 공간 층없이 압착해서 보수하면 됩니다."
60,틈막이 초배 불량은 어떤 것이 있고 어떻게 해결할 수 있나요?,"틈막이 초배불량 들뜸, 파열원인으로는 응력을 충분히 대응하지 못한 반자 재료를 선택했거나 내장 시공불량, 반자를 구성하는 석고보드, 각재, 몰딩의 건조로 인한 신축 변형, 석고보드 연결부위의 퍼티작업으로 인한 틈막이 초배의 접착 불량, 극한기 시공 등이 있습니다. 비틀림, 들뜸은 주사기로 틈막이 초배안에 물을 주입, 분무기로 표면애 물을 분사하고 건조후 비틀린 쪽 방향으로 주걱, 롤러로 잡아줘서 보수합니다. 파열의 경우 작은 파열은 접착을 시도하거나 땡방을 하고 큰 파열은 폭갈이, 전면 재시공할 수 있습니다."
61,이음매 긁힘이 발생하는 원인은 무엇인가요?,이음매 긁힘은 이음매에 주걱으로 지나치게 문지르거나 거친 타올로 이음매를 닦는 경우나 워싱처리 되지 않은 종이벽지의 이음매에 물을 사용하여 무리하게 닦는 것 등으로 발생할 수 있습니다. 이음매 긁힘은 부분 폭갈이나 재시공으로 해결할 수 있습니다. 
62,단열재 부위가 들뜨는 이유는 무엇일까요?,"단열재 부위 들뜸 원인은 부직포 가장자리의 이중 접착을 생략했거나 인장력에 대응하도록 흠을 두지 않았을 때, 프라이머 누락, 결로와 과다한 실내습도, 단열재 바탕 상태 불량 등이 있습니다. 보수방법은 들뜸 부위의 단열재 면에 프라이머를 2회 도포 후 1시간을 건조시킵니다. 다음으로, 들뜸 부위의 안팎으로 분무기를 사용하여 물을 분사하고 숨줌임 후 보수용 풀로 재접착합니다. 단열재 부위에 인장력에 대응할 수 있도록 여러 곳의 홈을 찍고 퍼티 > 샌딩 > 프라이머 도포 > 접착 순서로 마무리합니다. 보수 후 2일 정도는 난방이나 통품을 금합니다."
63,콘센트나 전기구 주위에 노출이나 찢김 불량을 해결하는 방법을 알려주세요. ,"전기구 주위 불량(노출, 찢김)원인은 절개선이 깔끔하게 도련되지 않았을 때, 전기구 설치 시 훼손됐거나 전기구 주의 초배, 정배지의 접착 불량일 때, 건조, 수축으로 인한 파열됐을 때 등이 있습니다. 이를 해결하기 위해서는, 전기구 커버를 벗겨낸 후 불량 부위를 깔끔하게 접착하고 노출이 경미할 경우에는 코킹이나 동일한 도배지로 정교하게 마무리합니다. 찢겨져 없어진 부위는 정교하게 겹쳐따서 마무리하고, 건조나 수축으로 파열 부위가 큰 경우에는 재시공을 권장합니다."
64,"전기배선 구멍의 원인은 뭐고, 어떻게 처리할 수 있나요?","전기배선 구멍은 전선 배선 위치 설계 불량, 전선 배선 위치를 필요 이상으로 넑게 뚫었을 때, 전기구 선치 불량 등 이유로 발생할 수 있습니다. 전기배선구멍 보수방법은 경미한 구멍은 겹쳐따는데 이대 자를 사용하여 사면을 도련하면 칼선이 흔들릴 우려가 있기 때문에 적당한 크기의 알루미늄 사각봉을 대고 도련해서 정교하게 해야 합니다."
65,"문틀 쐐기의 보수방법에는 뭐가 있나요?
구사비 보수방법에는 어떤게 있나요?","문틀 쐐기(구사비)원인은 문틀 시공 불량, 현장측 무리한 작업 계획(선후 공정이 뒤바뀔때) 등이 있습니다. 문틀 쐐기(구사비) 보수방법은 쐐기를 가릴 수 있는 최소한의 크기로 정교히 겹쳐따기, 수량이 많을 경우에 문틀쪽 1폭을 폭갈이 등이 있습니다."
,"시멘트 모르타르 레이턴스의 원인은 어떤게 있나요?
시멘트 모르타르 레이턴스를 보수할 때 어떤 비율로 묽은 프라이머를 만들어야 하며, 이를 도포한 후 얼마나 건조시켜야 하나요?
시멘트 모르타르 레이턴스 보수방법을 알려주세요
","시멘트 모르타르 레이턴스 원인은 모르타르 배합 불량, 극한기 시공, 프라이머 도포 미흡, 생략 등이 있습니다.

시멘트 모르타르 레이턴스 보수방법은 밀도가 좋지 않은 모르타르의 공극 사이로 침투할 수 있도록 묽은 프라이머(바인더7: 물3)를 도포 1시간 건조시킵니다. 또는, 장판지 들뜬 부위의 안팎으로 분무기를 사용하여 물을 충분히 분사, 숨죽임시킨 후 보수용 풀로 재접착합니다. 보수 후 2~3일간 난방이나 통풍을 금합니다."
,"띠벽지 들뜸원인에는 뭐가 있나요?
띠벽지 들뜸 보수방법을 알려주세요.
띠벽지 들뜸 보수 시, 띠벽지를 분무기를 사용하여 어떻게 적절히 촉촉하게 만들어야 하나요?","띠벽지 들뜸원인은 접착제의 농도, 배합 불량, 압착 시공불량 그리고 피착재인 바탕 도배지가 고광택, 코팅 도배지일 경우 등이 있습니다.

띠벽지 들뜸보수방법에는 바탕 도배지가 찢어지지 않도록 주의하며 띠벽지 안팎으로 분무기를 사용하여 물을 분사한 후 10정도 숨죽이거나, 접착력이 우수한 수용성 본드로 재접합니다.또한, 바탕 도배지의 표면이 고광택, 코팅 재질일 경우에는 수용성 본드에 바인더, 아크졸을 소량(10% 이내) 혼합하여 접착하는 방법 등이 있습니다."
,"이면지 탈락(배접)원인이 뭔가요?
이면지 탈락(배접) 보수방법을 알려주세요.
","이면지 탈락(배접)원인은 풀 도포 불량, 숨죽임 시간이 너무 길었을 때, 본드를 과다하게 희석했거나 도포가 고르지 않았을 때. 이면지와 PVC층의 접착 불량(도배지 불량)등이 있습니다.

이면지 탈락(배접)보수방법에는 건조 후 도배지의 표면에 비치는 배접 하자는 묽은 풀과 백색 수성 페인트를 혼합하여 주사기에 넣어 배접 부위에 소량 주입후 롤러로 조정하거나, 이음매 부위의 배접이 박리되어 들떠 있는 경우엔 된풀을 사용 접착후 롤러 보정하는 방법 등이 있습니다."
,"도련미숙은 어떤 이유로 발생하나요?
지나치게 예민한 도배지가 도련미숙의 원인이 될 수 있나요?
도련미숙 보수 방법에는 뭐가 있나요?
무엇을 이용해 도련미숙을 보수할 수 있나요?","도련미숙 원인은 미장, 내장 목공 등 타 공종 시공이 깔끔하지 않을 때, 장시간 숨죽임으로 인해 도배지의 밀도가 풀어진 상태 혹은 지나치게 예민한 도배지 재질일 경우가 있습니다.
도련미숙 보수방법은 경미한 경우 건조 후 마무리 도련하여 보수하거나 동색의 실리콘, 사인펜, 유화용 물감으로 커버하지만 완벽한 보수는 어려울 수 있습니다. 또한, 동일한 로트의 도배지를 가늘게 재단하여 덧대주거나 상태가 심할 때 폭갈이 방법을 선택합니다."
,"곰팡이 발생이 석고보드 부분 교체의 원인이 될 수 있나요?
석고보드 부분 교체의 원인이 무엇인가요?
석고보드 부분 교체 보수방법에 대해 알려주세요.
석고보드 부분 교체가 부분 보수일 경우 어떻게 진행하나요?","석고보드 부분 교체(미장보수)원인은 도배 시공 후 석고보드를 부분교체하거나, 자재, 내장 시공 불량한 경우 그리고 석고보드의 곰팡이 발생 및 물먹음의 경우가 있을 수 있습니다.

석고보드 부분 교체(미장보수)보수방법으로는 석고보드를 교체하거나 미장 땜방 부위의 도배지를 제거한 후 퍼티작업 > 샌팅> 프라이머 후 폭갈이, 전면 재시공의 방법이 있습니다. 부분 보수일 경우 겹쳐 따기 후 마무리합니다."
,"타커 돌출의 원인이 무엇인가요?
석고보드의 변형이 타커돌출의 원인이 될 수 있나요?
타커 돌출 보수 방법에 대해 알려주세요.
돌출 타버 부위가 많은 경우 재시공을 진행하나요?","타커돌출원인은 도배 시공 시 돌출 타커 손보기 미흡, 하중에 의한 수축 변형으로 반자틀, 석고보드의 변형 등이 있습니다.

타커돌출 보수방법으로는 돌출면에 도배지를 찢어 덧대고 망치로 가볍게 쳐주거나, 돌출 타커핀 자국이 훼손되었으면 코킹, 문서용 화이트, 동색의 유화물감으로 찍어 마무리하빈다. 또한, 돌출 타커 부위가 많을 경우 재시공의 과정을 거칠 수 있습니다."
,"시멘트 페이스트의 원인이 무엇인가요?
프라이머 도포 미흡 혹은 생략이 시멘트 페이스트의 원인이 될 수 있나요?","시멘트 페이스트 (시멘트 풀가루)원인은 미장 마감 불량, 프라이머 도포 미흡, 생략 등이 있습니다.
시멘트 페이스트 (시멘트 풀가루)보수방법은 레이턴스로 인한 하자 보수 방법과 동일하게 마무리합니다."
,"페인트가 오염되는 이유에 대해 알려주세요.
보양테이프 미시공이 페인트의 오염원인이 될 수 있나요?
페인트가 오염됐을 때 보수방법이 무엇인가요?
","페인트 오염원인은 페인트 시공 시 보양 생략(비닐 커버링, 보양테이프 미시공)등이 있습니다.

페인트 오염보수방법으로는 경미한 경우 코킹, 문서용 화이트, 유화물감으로 마무리합니다. 신나로 닦아주어 변색이 발생하지 않으면 칫솔이나 타올에 묻혀 페인트 제거합니다. 만약, 범위가 크거나 예민한 도배지는 폭갈이 전면 재시공합니다."
,"이물질에는 어떤 종류가 있나요?
이물질 원인을 알려주세요.
각 공종간 중복 작업이 있을 경우 이물질의 원인이 되나요?
이물질이 존재할 경우 보수방법을 알려주세요.
","이물질(풀덩어리,모래,톱밥등)원인은 각 공종간 중복 작업, 또는 바탕 정리 작업 미흡 등이 있습니다.
이물질(풀덩어리,모래,톱밥등)보수방법은 경미한 이물질은 고무망치로 가볍게 쳐주거나, 도배용 칼을 눕혀서 이물질 부위를 L, U자 형으로 베어냅니다. 베어낸 부분을 들취서 이물질을 제거하고 수성본드로 붙입니다. 이물질 하자의 범위가 클 경우 재시공합니다."
,"무늬맞춤 불량 원인이 뭔가요?
무늬맞춤이 불량일 때 보수방법을 알려주세요.
무늬맞춤이 경미한 오차일 경우 어떻게 대처할 수 있나요?
무늬맞춤이 허용 오차 이상일 때의 보수방법은 어떻게 되나요?","무늬맞춤 불량원인은 리피트 간격 불량(자재로 인한 하자) 등이 있습니다.
무늬맞춤 불량보수방법으로는 숨죽임, 시공 속도의 시간차, 도배지의 재질, 정배솔질의 강약과 쓸기 방향에 의해 발생하는 경미한 핀트 오차(1~2mm 이내)일 경우 동색의 수성 사인펜, 유화물감으로 정교하게 마무리합합니다. 허용 오차 이상의 무늬 맞춤 불량이라면 폭갈이를 진행합니다."
,합지 겹침이 불량일 때 보수방법이 어떻게 되나요?,합지 겹침 불량 보수방법- 한 두 폭의 겹침 상태가 일정치 않을때 해당 폭을 폭갈이. 
,"직물 풀림의 원인이 무엇인가요?
벽지 풀림의 원인이 무엇인가요?
올풀림의 원인이 무엇인가요?
직물풀림의 보수방법은 어떻게 되나요?
벽지 풀림의 보수방법은 어떻게 되나요?
올풀림의 보수방법은 어떻게 되나요?","직물 풀림, 벽지 풀림, 올풀림원인은 이음매 주걱 사용으로 인한 시공 미숙하거나, 정교한 겹칩따기, 서두 재단의 미숙, 그리고 직물 벽지 자재의 재직 상태 불량 등이 있습니다.
직물 풀림, 벽지 풀림, 올풀림보수방법으로는 직물의 섬유조직대로 한 올을 정교하게 덧대줍니다. 풀어진 올끝은 깔끝, 대바늘을 사용하여 투명도가 우수한 보수용 풀로 정교하게 접착시키고 건조 후 올과 동새의 사인팬으로 그려냅니다. "
,"코킹 노출의 원인이 뭐야?
과다한 코킹 충진이 코킹 노출의 원인이 될 수 있어?
코킹 노출 보수방법을 알려줘.","코킹노출원인은 과다한 코킹 충진으로 인한 노출이거나, 여분의 코킹을 깔끔하게 닦지않았을 때 발생합니다.

코킹노출보수방법은 여분의 경화된 코킹은 충분히 물불림 한 후 도배지나 마감재가 훼손되지 않도록 칼끝이나 날선 주걱으로 제거하고 거친타올로 깔끔하게 닦아냅니다. 도배지가 훼손되지 않도록 주의합니다. 코킹의 두께로 인해 문틀 마감선에서 보이는 자국은 문틀과 동색의 사인팬으로 그어서 마감합니다."
,"동결 원인에 대해서 알려줘.
극한기 공사가 동결의 원인이 될 수 있나요?

동결 보수방법에 대해서 알려주세요.","동결 원인은 극한기 공사(무리한 공정)나 난방 가동, 보양 생략으로 인한 동결 그리고 극한기에 창문, 출입문 등을 선행 작업(설치) 하지 않아 실내가 외기에 직접노출 될 때 동결이 발생합니다.

동결 보수 방법은 극한기 낮은 실내온도에서 시공하여 주로 봄철 해동기에서 발생하는 결빙으로 인한 들뜸 이음매 벌어짐, 가장자리 터짐 등의 하자는 각각 해당 보수 방법대로 보수하거나 재시공합니다."
,"누수원인에 대해서 알려줘
설비 하자가 누수의 원인이 될 수 있나요?
누수의 경우 보수방법이 어떻게 되나요?
석고보드가 누수, 침수되었을 때 어떻게 보수하나요?","누수 원인으로는 설비하자, 동파, 상층부 누수로 하층부 침수 등이 있습니다.
누수 보수 방법으로는 누수된 부분의 바닥재를 젖히고 통풍, 난방 가동으로 건조시키거나, 석고보드면에 누수, 침수가 되었다면 석고보드를 전체, 부분 교체합니다. 건조 후 들뜬 부위는 재접착시키고 얼룩, 변색 하자 발생시에는 폭갈이하거나 전면 재시공 합니다. 완전 건조 후 곰팡이 방지 용액을 도포하거나 방습지를 바르고 도배 시공합니다."
,"보양 불량 원인이 뭔가요?
도배 작업 후 충분히 건조되지 않은 상태에서 입주한 경우 보양 불량 원인이 될 수 있나요?
보양 불량일 때 보수방법은 어떻게 되나요?
보양 불량일 때 모서리 부분은 어떻게 해결하나요?","보양 불량 원인은 보양 작업이 미흡하거나 생략된 경우, 타공정과 중복으로 인해 도배지 오염, 훼손이 발생한 경우, 그리고 도배 작업 후 충분히 건조되지 않은 상태에서 입주 등이 있습니다.
보양불량 보수방법은 주로 모서리 보양 부분은 부분 보수 폭갈이하거나, 전면 재시공 재보양합니다."
,"페인트 부위 들뜸 원인에 대해서 알려줘.
페인트 바탕에 프러이머 도포가 미흡하면 페인트 부위가 들뜰 수 있나요?
유성 페인트면의 가장 자리 샌딩 작업이 생략될 경우 페인트 부위가 들뜰 수 있나요?
페인트 부위 들뜸 보수방법은 어떻게 되나요?","페인트 부위 들뜸원인은 페인트 바탕에 프라이머 도포가 미흡하거나 생략된 경우, 도배풀 배합 시 접착 강화제(본드, 바인더) 혼합이 미흡할 때, 그리고 유성 페인트면의 가장 자리 샌딩 작업, 아크졸(표면중화제)을 생략할 경우입니다.

페인트 부위 들뜸보수방법은 바탕처리 후 재시공하는 것입니다."
,"스크래치 원인에 대해서 알려주세요.
어떤 경우에 금속박 도배지의 포일 표면이 꺾이나요?
금속박 도배지의 포일 표면이 꺾인 경우 보수 방법을 알려줘.
스크래치의 보수 방법을 알려줘","금속박 도배지의 포일 표면의 꺾임, 스크래치원인은 풀 도포 후 접어진 상태에서 압력이 가해졌거나 도포된 도배지를 이동하는 과정에서 발생(지절도가 약해서)합니다. 또한, 시공 과정에서 도배지가 꺾이거나 공구로 인해 긁혔을 때, 전기구나 구조물의 부위를 어렵게 도련하는 과정에서 발생합니다.

보수방법으로는 보수용 볼록 롤러로 꺾인 부위를 조정하거나 재시공하는 방법이 있습니다."
,"한지 장판의 경우 걸레받이 들뜸의 원인을 알려주세요.
한지 장판의 걸레받이가 들뜬 경우 보수 방법은 뭐야?","한지 장판의 걸레받이 들뜸 원인은 합성수지 본드 배합이 미흡하거나 생략된 경우, 압착 시공 불량일 때, 바닥의 습기로 인해 접착력 저하 그리고 접지면 모르타르의 요철 및 먼지 등으로 초기 접착력이 부족할때 등이 있습니다.
보수방법으로는 들뜬 부위를 물불림 한 후 합성수지 접착제를 도포 재접착하는 방법이 있습니다."
,"PVC 걸레받이가 들뜨는 이유가 뭔가요?
PVC 걸레받이가 들 뜬경우 어떻게 보수할 수 있나요?","PVC 걸레받이 들뜸 원인은 접지면의 요철 및 먼지 등으로 초기 접착력이 부족하거나, 바닥의 습기나노후에 의한 접착력 저하, 동절기의 낮은 실내온도에서 시공할 때 등이 있습니다.
보수방법으로는 들뜬 부위에 유성 본드(고무볼트), 순간 접착제 등으로 재접착하거나 들뜬 부위를 재시공할 수 있습니다."
,고열난방 통풍이 한지장판 하자의 원인이 될 수 있어?,"한지장판 들뜸 원인은 합성수지 배합비의 부배합,  압착 시공 불량, 숨죽임이 너무 짧을 때, 장판지의 유성으로 인한 접착 불량 그리고 고열난방의 통풍등이 있습니다."
,"시공 직후 한지장판 터짐의 이유가 뭐야?
시공직후 고열난방, 통풍이 한지장판에서 시공직후의 터짐을 유발할 수 있나요?","한지장판 시공 직후 터짐 원인은 초배지와 장판지의 강도가 건조 수축되어가는 과정에서 인장력에 대응하지 못할때, 풀 도포, 배합비, 압착 시공이 불량이 경우가 있습니다. 또한, 장판지의 겹침 이음 부위를 압착 시공 불량이거나 장판지의 겹침 이음 부위를 압착 시공하지 않았을 때, 시공 직후 고열 난방, 통풍 등이 있습니다."
,"한지장판 배접의 이유가 뭐야?
장시간 물불림, 숨죽임 했을 때 한지장판에서 배접이 일어날 수 있나요?","한지장판 배접 원인은 장판지 생산 과정에서 배접 접착력 불량, 충분히 양생되지 않은 장판지를 시공 등이 있습니다. 또한, 장시간 물불림, 숨죽임 했을 때도 발생합니다."
,"한지장판 하자 중 얼룩의 원인이 뭐야?
습기로 인해 한지장판에서 얼룩이 발생할 수 있어?
한지장판 하자의 보수방법은 어떻게 돼?","한지장판 얼룩 원인으로는 바닥 미장이 충분히 양생되지 않아 습기와 시멘트성분으로 인해 발생, 합성수지 접착제의 배합비가 과다할 때(바인더), 그리고 시공 직후 고열 난방등이 있습니다.
한지장판 하자 보수방법은 들뜸 하자보수방법과 유사합니다."
,"수직, 수평이 불량인 원인을 알려줘.
실내 구조의 각도가 수직, 수평의 불량 원인이 될 수 있어?
수직 수평이 불량일 때 보수방법이 뭔가요?","수직, 수평 불량원인은 실내 구조의 각도, 마감재의 수직, 수평 시공 불량등이 있으며, 다림추(수직), 분줄(수평) 사용 생략등이 있습니다.
수직, 수평 불량 보수방법은 무늬, 주출입구, 정시야 우선 조건에서 수직을 버리고 수평을 얻거나, 수평을 버리고 수직을 얻거나, 수직, 수평 모두 일부는 버리고 일부는 얻거나 절충의 세 가지 중에서 선택합니다. 위의 3가지 모두 오차를 허용합니다."
,"바닥재, 가구, 조명 등 훼손 원인이 뭐야?
무리한 공정이 바닥재, 가구, 조명의 훼손원인이 될 수 있어?
바닥재, 가구, 조명 훼손 보수방법이 어떻게 돼?","바닥재, 가구, 조명등 훼손원인은 무리한 공정, 후속 작업이 뒤바뀔 때 등이 있으며, 보양 누락 혹은 생략할 경우 발생합니다. 또한, 바닥재 및 도배 작업대의 모서리, 다리부분 보양 불량일 때도 발생합니다.
바닥재, 가구, 조명등 훼손보수방법은 해당 공정의 AS의뢰하는 것입니다."
,"복합적인 하자 원인이 어떻게 돼?
누수가 복합적 하자의 원인이 될 수 있어?
복합 하자의 보수방법이 어떻게 돼?","복합적인 하자원인은 타 공정 하자인 누수로 인해 누수 부위의 수분으로 곰팡이가 발생하고 접착력 저하로 들뜸 하자 발생합니다.
복합적인 하자보수방법은 곰팡이를 제거하고 누수 부위를 건조(기건 상태)시킨 후 곰팡이가 재발생하지 않도록 조치 후 폭갈이하거나, 전면 재시공하는 것입니다."
,"벽지공사 하자 사례에 대해서 알려줘
벽지 공사에서 하자율이 높은 장소가 어디야?","가장 하자율이 높은 장소는 거실, 하자율이 높은 종류는 들뜸. 또한 하자율이 높은 장소는 침실, 하자율이 높은 종류는 타 공정 가구 찍힘. "
,"도배공사의 하자유형을 알려줘
도배공사 하자의 원인은 어떻게 돼?","도배공사 하자유형은 초배지의 사용 유, 무와 퍼티 등 바탕처리에 따라 다르게 나타났다. 도배공사 하자의 80%는 시공자의 하자보다는 타 공정에 의해 발생되었다. "
,"자재 이색 하자가 무엇인가요?
자재 이색 하자는 어떤 경우에 발생하나요?","도배지의 컬러 인쇄면의 색감이 벽지의 폭마다 달라 나타나는 현상으로, 제조사의 가공불량과 시공자의 정 방향, 역방향 시공에 대한 숙지가 부족하여 발생한다. "
,"오염 하자는 무엇인가요?
오염하자는 어떤 경우에 발생하나요?","도배지의 표면에 이물질이 접착되어 발생하는 현상으로 시공 시 시공자의 시공미숙과 시공 후 타 공정에 의한 하자, 입주 후 입주자의 과실로도 발생한다. 천정오염하자는 시공불량으로 정배 후 풀 자국이 남아있어 발생된 하자나 타 공정이 공사도중 이물질을 묻혀 발생된 하자이다. 정배 후 스위치 ON/OFF 스위치 주변에 손때가 많이 묻어 발생한다. "
,이음 부위가 벌어지거나 갈라지는 현상은 어떤경우에 발생하나요?,"벽지, 천정지의 연결부위의 벌어짐 또는 갈라짐은 도배를 위해 미리 풀칠을 한 도배지의 끝 부위가 시공 전 바람에 말라 탈락하는 경우와 바탕 면이 부실하여 탈락하는 경우 등으로 구분할 수 있다. "
,"울음하자에 대해서 설명해 줘.
울음하자는 어떤 경우에 발생하나요?","도배지가 시공 후 표면이 매끄럽지 않고 요철이 발생하여 우는현상으로, 도배용 풀과 물의 반죽에 의한 습기가 벽지에 지나치게 함수하여 발생하거나 급속한 양생에 의해 발생한다. "
,후속 작업자에 의한 하자는 무엇인가요?,후속 작업자에 의한 하자는 단순 후속 작업자의 실수 또는 부실로 하자가 발생하는 경우와 공정관리 부실로 인한 역공정 시공으로 추가적인 하자가 발생한다. 
,찍힘 및 스크래치 하자가 뭐야?,"찍힘 및 스크래치하자 찍힘 하자는 도배지가 외부의 충격에 의하여 패이거나 뜯겨나가는 현상으로, 시공 후 타 공정에 의한 찍힘 발생이 하자발생의 가장 큰 이유이며 입주 시 이삿짐과 짐 옮김에 의한 하자와 사용상 과실로 발생한다. "
,"
타 공정 일반 가구나 주방가구 하자가 뭐야?","거실과 주방에서 가구의 이동이나 설치, 시공 시 가구의 높이가 2M이상으로 제작되어 동선의 폭이 좁을수록 찍힘 하자가 많이 발생하였다. "
,도어락 찍힘 하자는 언제 발생해?,각실 문짝이 열리고 닫힐 때 벽면의 도배에 접촉하여 영향을 주어 찍힘이 발생하였다. 
,벽체 코너면 오염 또는 훼손하자를 알려줘,도배공사 시공 후 타 공정의 작업자가 전기선이나 짐 옮김에 의하여 코너 부분에 도배지를 손상시켜 발생한다. 
,전기기구 주변 찢김 하자에 대해서 알려줘,"전기기구나 설비시설, 내장공사에 의해 찢기는 현상으로 각 공정시공 및 설치 시 발생한다. 특히 콘센트주변과 스위치 주변의 벽지가 찢겨져서 발생한다. "
,"도배공사의 하자유형별 문제점과 예방방안은 어떻게 돼?
도배 공사 하자유형이 어떤게 있어?
도배 공사 하자유형의 예방방안은 어떻게 돼?","도배공사의 하자유형 문제점 
1) 자재 및 시공자 하자에 대하여 자재이색 , 벽지 오염, 이음 부위 벌어짐, 울음하자 2) 후속작업자에 의한 하자에 대하여 찍힘과 스크래치, 타 공정 가구하자, 코너면 오염및 훼손, 전기기구 주변 찍힘과 찢어짐 3) 평형 및 가구 배치에 따른 하자에 대하여 침실하자, 들뜸 및 코너수축, 천정 등 박스와 복도 등 박스, 천정과 벽의 유형별 마감의 복잡 및 가구 등의 배치, 곰팡이 및 결로 하자 

예방방안 
1) 자재 및 시공자 하자에서는 시공자의 하자 요인에 대한 개선안을 제시 2) 후속 작업자에 의한 하자는 관리측면과 교육으로 감소할 수 있음을 제안 3) 평형 및 배치에 따른하자 예방의 경우 침실에 대한 관리 방안에 대하여 집중 관리 필요성을 제시. "
,"아파트 도배 하자패턴에 대해서 알려줘
아파트 도배 하자에는 어떤것들이 있어?","아파트 도배 하자패턴도배공사의 하자패턴을 분석한 결과, 도배지의 부착상태가 불량하여 전체 마감성이 저하되는 하자와 도배 자재 자체에 훼손이 가해져 발생하는 하자로 크게 나눌 수 있다. 도배 자재에 문제가 생기는 경우는 자재검수 단계에서 자재 색채 패턴에서 이색지는 자재가 생기는 하자가 있다. 또한,곰팡이 발생,찍힘,찢어짐으로 생기는 자재에 대한 하자도 있다.한편,도배시 시공성부족으로 인해 발생하는 들뜸,끝단 마감불량 등을 들 수 있다. 마감부 부착불량의 경우 몰딩,걸레받이,창틀 주변,전기 스위치 주변 마감시 도배 끝단이 제대로 부착되지 않고 붙어 있는 경우라 할 수 있다.도배지가 터지는 경우는 천정 석고판 조인트 부분에 도배지 품질을 위해 미리 시공하는 선작업이 부주의하여 팽팽하게 시공되어있는 도배면이 터지는경우가 간혹 발생한다. 또한 훼손이나 찍히는 경우는 도배작업이 마무리 되고 난 후,잔여작업상 긴 자재 또는 사다리 등을 가지고 옮기다가 부주의로 인해 도배지에 손상을 가하는 경우가 있다. 이러한 경우에는 작업공정계획을 치밀하게 하여 되도록 자재 운반 등의 작업을 미리 완결해 놓고 도배작업은 최후속 공종으로 만드는 것이 바람직하다 할 수 있다. 욕실에 면하는 벽이나,창틀 주변의 벽에서 발생하는 경우가 많은 결로 나 습기,환기불량 등으로 인해 석고면에 곰팡이가 발생하여 도배지가 변색하는 경우가 발생한다. 주로 장마철을 지나면 발생의 빈도가 훨씬 높아지는 하자이다. 이러한 하자의 경우 도배지의 교체로써 해결하는 것에서 더 나아가 바탕면이 되는 석고판의 교체 또는 곰팡이 발생원인을 먼저 선결해야 하는 것이 아주 중요하다.결로방지대책과 선행공정에 대해 완벽한 시공을 한 다음, 도배공사에 임하게 하는 것이 사전 대책방안이라고 할 수 있다. 간혹,도배지 중에서 색상이 도드라지게 다른 벽지가 있는데 그것은 자재에서 발생하는 하자로써,철저한 자재검수를 통해 이색지는 도배지는 사전에 시공되지 않게 하는 것이 중요하다. "
,"공동 주택의 도배 하자 기타원인엔 어떤것들이 있을까요?
공동 주택의 도배하자를 미연에 방지하기 위해선 어떻게 해야하나요?","공동주택의 도배 하자 기타원인
동절기 공사 중 도배공사는 시공 전 72시간,시공 후 48시간이상 경과 시 까지 16℃ 이상을 유지하여야 하며 바탕면의 건조 상태 특히,석고보드의 곰팡이 발생 유무와 미장 바탕면의 충분한 양생의 정도를 확인해야 한다. 또한,공사 완료 후 실내를 밀폐상태로 유지하여 급속한 건조로 인한 도배 지의 터짐 현상을 미연에 방지해야 한다."
,아파트의 도배하자 유형에는 무엇이 있나요?,"도배공사는 최종 마감공종이기 때문에 선행공정의 잘못으로 인한 하자가 많았으며,특히 균열,결로,설비,방수 등의 하자로 인한 누수현상이 도배하자로 발전하였고,하자현상은 들뜸,변색,곰팡이,찢어짐 등이 고르게 발생했다. 소홀한 시공과 부적절한 자재선택으로 이음부위의 탈락과 색상 다름 및 바닥재 변형 등의 하자가 발생되고 변색 및 곰팡이 현상은 누수 또는 습기로 인한 하자이다 "
,"공공임대 아파트의 하자 유형은 어떻게 되나요?
발주 주체별 하자 발생률은 어떻게 되나요?
민영아파트의 하자 저감 대책에 대해서 알려주세요.
공공 임대 아파트의 하자 저감 대책에 대해서 알려주세요.","- 공공임대 아파트 하자 유형 및 발생 빈도:
주로 오시공하자, 재료적 하자, 기능도 저하에 의한 하자가 발생.
오시공으로 인한 하자가 75%로 가장 많으며, 들뜸, 탈락, 갈라짐, 찢어짐 등의 문제 발생.
도배공사는 아트월, 석재 등이 적고, 단순하여 하자 발생 빈도가 높음.

- 민영 아파트와의 비교:
민영 아파트는 상대적으로 하자 발생 빈도가 적고, 발생 비율도 낮음.
다양한 마감자재와 인테리어적 요소를 사용하여 도배면적이 줄어들어 하자 발생 빈도가 낮다고 사료됨.

- 발주 주체별 하자 발생률:
도배공사의 발주 주체에 따라 하자 발생 비율 차이가 큼.
민영 아파트에서는 7.49%, 공공임대 아파트에서는 22.22%로 공종별 하자발생 편차가 큼.

- 하자 저감 대책:
- 민영 아파트:
오시공하자가 83%로 가장 높은 빈도를 보이므로 이에 대한 세심한 주의 필요.
도배재료의 적정성 확인, ks인증 제품 및 샘플시공을 통한 문제 파악이 필요.
뒷마무리 불량으로 인한 탈락 방지 위해 자연건조 조치 필요.

- 공공임대 아파트:
오시공하자가 가장 높은 발생 비율을 보이므로 해당 부분에 대한 대책 필요.
도배면적 증가와 세대폭 축소로 인한 하자 발생 현실.
도배자재 선택 시 오염방지 및 이색하자 방지 고려가 중요.
들뜸 방지를 위해 철저한 건조 및 시공이 필요하며, 재시공 시 깨끗이 걷어내야 함."
,"도배시공이 실내공기질에 영향을 미치나요?
도배 공사의 세부 공정 단계에 대해서 궁금합니다.","도배공사는 공동주택의 실내마감공사 중 넓은 면적을 벽지 및 접착제를 이용하여 시공하게 되므로 실내공기오염의 많은 부분을 차지할 것이라 판단된다. 더불어 마감공사의 공정상 실내의 창호공사 및 유리공사가 시작되어 실내가 기밀하게 변하면서 급격하게 환기량이 줄어드는 시점부터 시작되므로 그 오염원에 대한 희석 및 제거율도 크게 줄어들 것으로 판단된다. 도배공사의 세부 공정은 계획→바탕처리→초배작업→정배작업→청소 및 보양으로 이루어지는데 이 때 사용되는 자재 중 초배지와 정배지,그리고 이를 붙이기 위한 접착제에서 오염물질이 발생하고 있다."
,"초배 작업은 무엇인가요?
초배지를 바르는 방법은 무엇이 있나요?
초배지로는 주로 무엇을 사용하나요?",초배작업은 도배시 벽지와 벽면의 작업 상태를 양호하게 해주기 위해 하는 작업으로 벽면상태가 좋지 않은 경우는 샌드페이퍼(sandpaper)로 벽면을 고른 후에 하며 기존 벽지가 붙어 있을 경우에는 이를 제거한 후 초배작업을한다. 초배지로는 창호지를 일반적으로 사용하는데 양지로서 풀을 발라 붙이기가 용이한 것을 사용한다.이때 초배지를 바르는 방법으로 온통바름과 봉투바름이 있는데 온통바름은 초배지 전체를 풀질하는 것이고 봉투바름은 초배지의 가장자리만 풀칠하는 것으로 접착제의 양이 달라지게 된다. 
,"정배작업이란 무엇인가요?
정배작업의 순서를 알려주세요.","정배작업은 초배지를 바른 후 천장과 벽에 붙이는 작업이다. 순서는 천장, 벽 순서로 시공한다.벽지를 재단한 후 재단한 벽지에 도배풀을 사용하여 시공하는데 풀칠은 온통 또는 가장 자리만 하고 가운데 부분은 물칠을 한다. 이때 벽지가 무거운 것은 풀을 되게 하고 가벼운 것을 묽게 한다.풀을 바른후 10분 정도 경과 후에 붙이는 것이 효과적이다.벽에 부착할 때는 싱작업한 중앙부분에 맞추어 붙인다.벽에 부착할 때는 2명 이상의 인원이 작업을 하게 되며 풀이 부착된 부분은 솔로 문질러 밀착되도록 한다."
,"PVC 벽지의 경우 시공 시 실내 공기의 오염원을 방출하나요?
PVC 벽지에 대해 설명해주세요.","정배작업시 사용하는 벽지 중 비닐벽지라 불리는 PVC벽지의 경우 제조 공정중에 Coating과 인쇄공정에서 오염물질이 첨가되게 되는데, Coating 공정에서는 PVC층을 종이에 붙이기 위해 접착제를 사용하게 되고 인쇄공정에서는 유성잉크를 사용하여 제조하고 있어 시공 시 실내공기의 오염원을 방출한다. "
,초산수지계 접착제란 무엇인가요?,"벽지 시공시 사용되는 접착제 중 전분계 접착제의 경우에는 방부기능을 더하기 위해 포름알데히드를 첨가하기도 하고 접착력 증강을 목적으로 물풀에 접착력 증가제가 첨가되기도 하며 실크벽지의 경우에는 물풀이 아닌 접착제만으로 시공되는데 그 종류는 초산비닐수지계 접착제, 아크릴수지계 접착제, 요소수지계 접착제로 나눌 수 있다. 초산비닐수지계 접착제는 벽지 뿐 아니라 목재,미장합판,마루판,종이 각종 직물류 등의 접착에도 사용되고 제조사별로 차이가 있으나 수성에멀젼형으로 제품이 출시되고 있어 화기에 안전하게 사용되기도 한다.이들 초산비닐수지계의 접착제중 용제형 접착제에는 아세톤,초산에틸,메탄올 등이 포함되어 있고 에멀젼형 접착제에는 톨루엔이 포함되어 있기도 한다. "
,"아크릴 수지 접착제에 대해 알려주세요
습기가 구석진 곳에 사용하기 적절한 접착제는 무엇인가요?","아크릴 수지 접착제는 주로 단독으로 사용하기 보다는 접착력 증강제로 사용되며 접착력이 우수하여 습한 벽지에 사용되고, 습기가 구석진 곳에 사용하며 작업성이 우수하다."
,"요소수지계 접착제에 대해서 알려주세요
일반적으로 가장 널리 사용되는 접착제는 무엇인가요?",
,"도장의 개념이 무엇인가요?
도장의 종류를 알려주세요"," 도장(페인트)이란 물체의 표면에 도포하여 엷은 막을 형성해 물체를 보호하고 색이나 질감을 입혀 미적인 효과를 만들어내는 모든 재료이다.
도장(페인트)의 종류는 수성페인트와 유성페인트로 나뉘며, 유성페인트는 에나멜, 에폭시, 우레탄의 종류를 가진다."
,도장 시공법 중 붓도장에 대해서 알려주세요,"붓도장
- 누구나 손쉽게 칠할 수 있어 홈 DIY에 적합하다.
- 초기 건조가 빠른 페인트에는 적당하지 않다.
- 벽면이 고르지 않거나, 구석진 부위 좁은 면에 칠하기 좋다.
- 작업자의 실력에 따라 품질 차이가 크다.(도막 두께가 다르고 붓 자국이 남을 수 있다.)
- 칠하는 부위의 형태와 면적에 따라 붓 종류도 구분된다.
- 붓자국이 잘 남지 않는 폼브러시와도 같이 사용하면 좋다."
,도장 시공법 중 롤러 도장에 대해서 알려주세요.,"롤러 도장
- 롤러를 사용하여 일정한 압력으로 누르면서 균일하게 칠하는 방법이다.
- 넓은 면을 빠르고 깨끗하게 칠할 수 있다.
- 형태가 불규칙한 면에는 적합하지 않다.
- 수성페인트 : 털이 길고 굵은 롤러를 사용한다./유성페인트 : 털이 짧고 부드러운 롤러를 사용한다.
- 고르지 않은 면 : 털이 긴 제품 사용/ 평평한 면 : 털이 짧은 제품 사용"
,도장 시공법 중 뿜칠도장에 대해서 알려주세요,"뿜칠도장
- 압축공기를 이용하여 스프레이건으로 안개처럼 분사하여 칠하는 방법이다.
- 균등한 면작업이 가능하고 많고 넓은 면적을 작업할 때 많이 사용된다.
- 도장 시공법 중 가장 고품질의 도막을 얻을 수 있다.
- 분사하여 칠하는 방법이기 때문에 작업 전 페인트 칠을 제외한 부분 보양작업은 필수이다."
,도장의 장점은 무엇인가요?,"
- 몰딩이 필요없게 되어 전체적으로 플랫한 연출이 가능하다.
- 페인트 칼라를 마음대로 정해볼 수 있고, 혹시 맘에 안든다면 다른 색으로 덧칠할 수 있다. 마찬가지로 나중에 벽에 하자가 났을 때 그 부분만 같은 색으로 칠해서 세밀하게 보수할 수 있다.
- 벽에 붓 자국이 조금 보여서 살짝 회화 같은 느낌이 든다.
- 롤러나 붓으로 칠하지 않고 도장기기를 분사하는 방식으로 시공하기 때문에 결이 남지 않고 벽지처럼 이음새가 보이지 않아 매우 깔끔하다는 장점을 가짐"
,도장의 단점은 무엇인가요?,"- 시공시 페인트 공정이 들어가는 부분에 밑작업이 다른 마감재보다 훨씬 많이 필요하기 때문에 시간과 비용(인건비)가 더 비싸므로, 도장이 도배보다 비싸다.
- 페인트를 칠하기 전에 벽을 매끈하게 만들어 잘 칠해지도록 벽의 밑 작업을 충분히 해야 한다."
,"도배의 장점을 알려주세요.
도장, 필름과 비교했을 때 도배는 어떤 점이 좋은가요?","- 시공이 쉽고 빠르다. (1~3일 정도)
- 벽지의 종류에 따라 가격은 천차만별이지만 도장, 필름과 비교했을 때 훨씬 저렴한 편이다. 또한, 벽지는 페인트로 구현해내기 힘든 다채로운 패턴과 질감, 광택의 표현이 가능하다는 장점이 있다. 보통은 합지멱지, 실크벽지가 많이 사용되고 실크벽지의 경우 겉면의 코팅처리로 오염시 비교적 쉽게 닦아낼 수 있다."
,도배의 단점은 무엇인가요?,"- 벽지는 때는 잘 안타지만, 찢어지거나 파손된 부분은 그 부분만 도배를 덧대어 한다고 해도 티가 많이 나고, 벽 전체를 재시공해야 깔끔하다."
,"인테리어 필름의 장점은 무엇인가요?
인테리어 필름, 도배, 도장 중 유지관리가 가장 쉬운 것은 무엇인가요?","- 인테리어 필름은 도배, 도장 중에서 유지 관리가 가장 쉽다. 
- 때도 잘 타지 않고 오염이 되어도 물수건으로 닦아주기만 하면 된다.
- 마치 도장을 한 것처럼 집이 깔끔해 보이기도 한다."
,"인테리어 필름의 단점은 무엇인가요?
습기가 많은 집에 인테리어 필름은 적절한가요?","- 습기가 많은 공간에서는 취약하므로 습기가 많은 공간의 작업은 피해야한다.
- 도장보다는 저렴하지만 도배보단 비싸고 현장 컨디션에 따라 시공비가 더 나올 수 있다는 점을 유의해야한다."
